{"frames": {

"bottom_tears_1_00.png":
{
	"frame": {"x":58,"y":113,"w":19,"h":13},
	"rotated": false,
	"trimmed": true,
	"spriteSourceSize": {"x":94,"y":1267,"w":19,"h":13},
	"sourceSize": {"w":1483,"h":1483},
	"pivot": {"x":0.5,"y":0.5}
},
"bottom_tears_1_01.png":
{
	"frame": {"x":64,"y":128,"w":24,"h":33},
	"rotated": false,
	"trimmed": true,
	"spriteSourceSize": {"x":96,"y":1268,"w":24,"h":33},
	"sourceSize": {"w":1483,"h":1483},
	"pivot": {"x":0.5,"y":0.5}
},
"bottom_tears_1_02.png":
{
	"frame": {"x":36,"y":61,"w":28,"h":50},
	"rotated": false,
	"trimmed": true,
	"spriteSourceSize": {"x":91,"y":1270,"w":28,"h":50},
	"sourceSize": {"w":1483,"h":1483},
	"pivot": {"x":0.5,"y":0.5}
},
"bottom_tears_1_03.png":
{
	"frame": {"x":1,"y":67,"w":33,"h":62},
	"rotated": false,
	"trimmed": true,
	"spriteSourceSize": {"x":91,"y":1274,"w":33,"h":62},
	"sourceSize": {"w":1483,"h":1483},
	"pivot": {"x":0.5,"y":0.5}
},
"bottom_tears_1_04.png":
{
	"frame": {"x":1,"y":131,"w":31,"h":58},
	"rotated": false,
	"trimmed": true,
	"spriteSourceSize": {"x":92,"y":1277,"w":31,"h":58},
	"sourceSize": {"w":1483,"h":1483},
	"pivot": {"x":0.5,"y":0.5}
},
"bottom_tears_1_05.png":
{
	"frame": {"x":1,"y":1,"w":26,"h":64},
	"rotated": false,
	"trimmed": true,
	"spriteSourceSize": {"x":92,"y":1304,"w":26,"h":64},
	"sourceSize": {"w":1483,"h":1483},
	"pivot": {"x":0.5,"y":0.5}
},
"bottom_tears_1_06.png":
{
	"frame": {"x":34,"y":131,"w":28,"h":52},
	"rotated": false,
	"trimmed": true,
	"spriteSourceSize": {"x":98,"y":1425,"w":28,"h":52},
	"sourceSize": {"w":1483,"h":1483},
	"pivot": {"x":0.5,"y":0.5}
},
"bottom_tears_1_07.png":
{
	"frame": {"x":29,"y":61,"w":3,"h":3},
	"rotated": false,
	"trimmed": true,
	"spriteSourceSize": {"x":0,"y":0,"w":3,"h":3},
	"sourceSize": {"w":1483,"h":1483},
	"pivot": {"x":0.5,"y":0.5}
},
"bottom_tears_1_08.png":
{
	"frame": {"x":29,"y":61,"w":3,"h":3},
	"rotated": false,
	"trimmed": true,
	"spriteSourceSize": {"x":0,"y":0,"w":3,"h":3},
	"sourceSize": {"w":1483,"h":1483},
	"pivot": {"x":0.5,"y":0.5}
},
"bottom_tears_1_09.png":
{
	"frame": {"x":29,"y":61,"w":3,"h":3},
	"rotated": false,
	"trimmed": true,
	"spriteSourceSize": {"x":0,"y":0,"w":3,"h":3},
	"sourceSize": {"w":1483,"h":1483},
	"pivot": {"x":0.5,"y":0.5}
},
"bottom_tears_1_10.png":
{
	"frame": {"x":29,"y":61,"w":3,"h":3},
	"rotated": false,
	"trimmed": true,
	"spriteSourceSize": {"x":0,"y":0,"w":3,"h":3},
	"sourceSize": {"w":1483,"h":1483},
	"pivot": {"x":0.5,"y":0.5}
},
"bottom_tears_1_11.png":
{
	"frame": {"x":29,"y":61,"w":3,"h":3},
	"rotated": false,
	"trimmed": true,
	"spriteSourceSize": {"x":0,"y":0,"w":3,"h":3},
	"sourceSize": {"w":1483,"h":1483},
	"pivot": {"x":0.5,"y":0.5}
},
"bottom_tears_1_12.png":
{
	"frame": {"x":29,"y":61,"w":3,"h":3},
	"rotated": false,
	"trimmed": true,
	"spriteSourceSize": {"x":0,"y":0,"w":3,"h":3},
	"sourceSize": {"w":1483,"h":1483},
	"pivot": {"x":0.5,"y":0.5}
},
"bottom_tears_1_13.png":
{
	"frame": {"x":29,"y":61,"w":3,"h":3},
	"rotated": false,
	"trimmed": true,
	"spriteSourceSize": {"x":0,"y":0,"w":3,"h":3},
	"sourceSize": {"w":1483,"h":1483},
	"pivot": {"x":0.5,"y":0.5}
},
"bottom_tears_1_14.png":
{
	"frame": {"x":62,"y":227,"w":23,"h":20},
	"rotated": false,
	"trimmed": true,
	"spriteSourceSize": {"x":695,"y":1189,"w":23,"h":20},
	"sourceSize": {"w":1483,"h":1483},
	"pivot": {"x":0.5,"y":0.5}
},
"bottom_tears_1_15.png":
{
	"frame": {"x":67,"y":1,"w":28,"h":43},
	"rotated": false,
	"trimmed": true,
	"spriteSourceSize": {"x":694,"y":1192,"w":28,"h":43},
	"sourceSize": {"w":1483,"h":1483},
	"pivot": {"x":0.5,"y":0.5}
},
"bottom_tears_1_16.png":
{
	"frame": {"x":32,"y":191,"w":28,"h":53},
	"rotated": false,
	"trimmed": true,
	"spriteSourceSize": {"x":695,"y":1195,"w":28,"h":53},
	"sourceSize": {"w":1483,"h":1483},
	"pivot": {"x":0.5,"y":0.5}
},
"bottom_tears_1_17.png":
{
	"frame": {"x":1,"y":191,"w":29,"h":58},
	"rotated": false,
	"trimmed": true,
	"spriteSourceSize": {"x":697,"y":1198,"w":29,"h":58},
	"sourceSize": {"w":1483,"h":1483},
	"pivot": {"x":0.5,"y":0.5}
},
"bottom_tears_1_18.png":
{
	"frame": {"x":29,"y":1,"w":36,"h":58},
	"rotated": false,
	"trimmed": true,
	"spriteSourceSize": {"x":690,"y":1207,"w":36,"h":58},
	"sourceSize": {"w":1483,"h":1483},
	"pivot": {"x":0.5,"y":0.5}
},
"bottom_tears_1_19.png":
{
	"frame": {"x":62,"y":185,"w":31,"h":40},
	"rotated": false,
	"trimmed": true,
	"spriteSourceSize": {"x":691,"y":1296,"w":31,"h":40},
	"sourceSize": {"w":1483,"h":1483},
	"pivot": {"x":0.5,"y":0.5}
},
"bottom_tears_1_20.png":
{
	"frame": {"x":66,"y":61,"w":26,"h":45},
	"rotated": false,
	"trimmed": true,
	"spriteSourceSize": {"x":701,"y":1380,"w":26,"h":45},
	"sourceSize": {"w":1483,"h":1483},
	"pivot": {"x":0.5,"y":0.5}
},
"bottom_tears_1_21.png":
{
	"frame": {"x":36,"y":113,"w":20,"h":15},
	"rotated": false,
	"trimmed": true,
	"spriteSourceSize": {"x":707,"y":1468,"w":20,"h":15},
	"sourceSize": {"w":1483,"h":1483},
	"pivot": {"x":0.5,"y":0.5}
},
"bottom_tears_1_22.png":
{
	"frame": {"x":29,"y":61,"w":3,"h":3},
	"rotated": false,
	"trimmed": true,
	"spriteSourceSize": {"x":0,"y":0,"w":3,"h":3},
	"sourceSize": {"w":1483,"h":1483},
	"pivot": {"x":0.5,"y":0.5}
},
"bottom_tears_1_23.png":
{
	"frame": {"x":29,"y":61,"w":3,"h":3},
	"rotated": false,
	"trimmed": true,
	"spriteSourceSize": {"x":0,"y":0,"w":3,"h":3},
	"sourceSize": {"w":1483,"h":1483},
	"pivot": {"x":0.5,"y":0.5}
}},
"meta": {
	"app": "http://www.codeandweb.com/texturepacker",
	"version": "1.0",
	"image": "bottom_tears_1.png",
	"format": "RGBA8888",
	"size": {"w":256,"h":256},
	"scale": "1",
	"smartupdate": "$TexturePacker:SmartUpdate:bbf708a76debbd37f6c6c4bc1f04a660:fa6a14834b75fea6867b5ff82f818a68:6628e62f25e64214d3da0eee52a785c4$"
}
}
