{"frames": {

"bottom_tears_2_00.png":
{
	"frame": {"x":195,"y":129,"w":3,"h":3},
	"rotated": false,
	"trimmed": true,
	"spriteSourceSize": {"x":0,"y":0,"w":3,"h":3},
	"sourceSize": {"w":1483,"h":1483},
	"pivot": {"x":0.5,"y":0.5}
},
"bottom_tears_2_01.png":
{
	"frame": {"x":195,"y":129,"w":3,"h":3},
	"rotated": false,
	"trimmed": true,
	"spriteSourceSize": {"x":0,"y":0,"w":3,"h":3},
	"sourceSize": {"w":1483,"h":1483},
	"pivot": {"x":0.5,"y":0.5}
},
"bottom_tears_2_02.png":
{
	"frame": {"x":195,"y":129,"w":3,"h":3},
	"rotated": false,
	"trimmed": true,
	"spriteSourceSize": {"x":0,"y":0,"w":3,"h":3},
	"sourceSize": {"w":1483,"h":1483},
	"pivot": {"x":0.5,"y":0.5}
},
"bottom_tears_2_03.png":
{
	"frame": {"x":195,"y":129,"w":3,"h":3},
	"rotated": false,
	"trimmed": true,
	"spriteSourceSize": {"x":0,"y":0,"w":3,"h":3},
	"sourceSize": {"w":1483,"h":1483},
	"pivot": {"x":0.5,"y":0.5}
},
"bottom_tears_2_04.png":
{
	"frame": {"x":406,"y":106,"w":23,"h":20},
	"rotated": false,
	"trimmed": true,
	"spriteSourceSize": {"x":924,"y":1055,"w":23,"h":20},
	"sourceSize": {"w":1483,"h":1483},
	"pivot": {"x":0.5,"y":0.5}
},
"bottom_tears_2_05.png":
{
	"frame": {"x":406,"y":61,"w":28,"h":43},
	"rotated": false,
	"trimmed": true,
	"spriteSourceSize": {"x":920,"y":1058,"w":28,"h":43},
	"sourceSize": {"w":1483,"h":1483},
	"pivot": {"x":0.5,"y":0.5}
},
"bottom_tears_2_06.png":
{
	"frame": {"x":474,"y":1,"w":28,"h":53},
	"rotated": false,
	"trimmed": true,
	"spriteSourceSize": {"x":919,"y":1061,"w":28,"h":53},
	"sourceSize": {"w":1483,"h":1483},
	"pivot": {"x":0.5,"y":0.5}
},
"bottom_tears_2_07.png":
{
	"frame": {"x":443,"y":1,"w":29,"h":58},
	"rotated": false,
	"trimmed": true,
	"spriteSourceSize": {"x":916,"y":1064,"w":29,"h":58},
	"sourceSize": {"w":1483,"h":1483},
	"pivot": {"x":0.5,"y":0.5}
},
"bottom_tears_2_08.png":
{
	"frame": {"x":1,"y":129,"w":192,"h":180},
	"rotated": false,
	"trimmed": true,
	"spriteSourceSize": {"x":916,"y":1073,"w":192,"h":180},
	"sourceSize": {"w":1483,"h":1483},
	"pivot": {"x":0.5,"y":0.5}
},
"bottom_tears_2_09.png":
{
	"frame": {"x":209,"y":53,"w":195,"h":112},
	"rotated": false,
	"trimmed": true,
	"spriteSourceSize": {"x":920,"y":1162,"w":195,"h":112},
	"sourceSize": {"w":1483,"h":1483},
	"pivot": {"x":0.5,"y":0.5}
},
"bottom_tears_2_10.png":
{
	"frame": {"x":209,"y":1,"w":199,"h":50},
	"rotated": false,
	"trimmed": true,
	"spriteSourceSize": {"x":915,"y":1243,"w":199,"h":50},
	"sourceSize": {"w":1483,"h":1483},
	"pivot": {"x":0.5,"y":0.5}
},
"bottom_tears_2_11.png":
{
	"frame": {"x":1,"y":1,"w":206,"h":126},
	"rotated": false,
	"trimmed": true,
	"spriteSourceSize": {"x":913,"y":1247,"w":206,"h":126},
	"sourceSize": {"w":1483,"h":1483},
	"pivot": {"x":0.5,"y":0.5}
},
"bottom_tears_2_12.png":
{
	"frame": {"x":410,"y":1,"w":31,"h":58},
	"rotated": false,
	"trimmed": true,
	"spriteSourceSize": {"x":1087,"y":1250,"w":31,"h":58},
	"sourceSize": {"w":1483,"h":1483},
	"pivot": {"x":0.5,"y":0.5}
},
"bottom_tears_2_13.png":
{
	"frame": {"x":436,"y":61,"w":26,"h":64},
	"rotated": false,
	"trimmed": true,
	"spriteSourceSize": {"x":1087,"y":1277,"w":26,"h":64},
	"sourceSize": {"w":1483,"h":1483},
	"pivot": {"x":0.5,"y":0.5}
},
"bottom_tears_2_14.png":
{
	"frame": {"x":474,"y":56,"w":28,"h":52},
	"rotated": false,
	"trimmed": true,
	"spriteSourceSize": {"x":1093,"y":1398,"w":28,"h":52},
	"sourceSize": {"w":1483,"h":1483},
	"pivot": {"x":0.5,"y":0.5}
},
"bottom_tears_2_15.png":
{
	"frame": {"x":464,"y":110,"w":22,"h":14},
	"rotated": false,
	"trimmed": true,
	"spriteSourceSize": {"x":1097,"y":1469,"w":22,"h":14},
	"sourceSize": {"w":1483,"h":1483},
	"pivot": {"x":0.5,"y":0.5}
},
"bottom_tears_2_16.png":
{
	"frame": {"x":195,"y":129,"w":3,"h":3},
	"rotated": false,
	"trimmed": true,
	"spriteSourceSize": {"x":0,"y":0,"w":3,"h":3},
	"sourceSize": {"w":1483,"h":1483},
	"pivot": {"x":0.5,"y":0.5}
},
"bottom_tears_2_17.png":
{
	"frame": {"x":195,"y":129,"w":3,"h":3},
	"rotated": false,
	"trimmed": true,
	"spriteSourceSize": {"x":0,"y":0,"w":3,"h":3},
	"sourceSize": {"w":1483,"h":1483},
	"pivot": {"x":0.5,"y":0.5}
},
"bottom_tears_2_18.png":
{
	"frame": {"x":195,"y":129,"w":3,"h":3},
	"rotated": false,
	"trimmed": true,
	"spriteSourceSize": {"x":0,"y":0,"w":3,"h":3},
	"sourceSize": {"w":1483,"h":1483},
	"pivot": {"x":0.5,"y":0.5}
},
"bottom_tears_2_19.png":
{
	"frame": {"x":195,"y":129,"w":3,"h":3},
	"rotated": false,
	"trimmed": true,
	"spriteSourceSize": {"x":0,"y":0,"w":3,"h":3},
	"sourceSize": {"w":1483,"h":1483},
	"pivot": {"x":0.5,"y":0.5}
},
"bottom_tears_2_20.png":
{
	"frame": {"x":195,"y":129,"w":3,"h":3},
	"rotated": false,
	"trimmed": true,
	"spriteSourceSize": {"x":0,"y":0,"w":3,"h":3},
	"sourceSize": {"w":1483,"h":1483},
	"pivot": {"x":0.5,"y":0.5}
},
"bottom_tears_2_21.png":
{
	"frame": {"x":195,"y":129,"w":3,"h":3},
	"rotated": false,
	"trimmed": true,
	"spriteSourceSize": {"x":0,"y":0,"w":3,"h":3},
	"sourceSize": {"w":1483,"h":1483},
	"pivot": {"x":0.5,"y":0.5}
},
"bottom_tears_2_22.png":
{
	"frame": {"x":195,"y":129,"w":3,"h":3},
	"rotated": false,
	"trimmed": true,
	"spriteSourceSize": {"x":0,"y":0,"w":3,"h":3},
	"sourceSize": {"w":1483,"h":1483},
	"pivot": {"x":0.5,"y":0.5}
},
"bottom_tears_2_23.png":
{
	"frame": {"x":195,"y":129,"w":3,"h":3},
	"rotated": false,
	"trimmed": true,
	"spriteSourceSize": {"x":0,"y":0,"w":3,"h":3},
	"sourceSize": {"w":1483,"h":1483},
	"pivot": {"x":0.5,"y":0.5}
}},
"meta": {
	"app": "http://www.codeandweb.com/texturepacker",
	"version": "1.0",
	"image": "bottom_tears_2.png",
	"format": "RGBA8888",
	"size": {"w":512,"h":512},
	"scale": "1",
	"smartupdate": "$TexturePacker:SmartUpdate:6f2a7bebf020ccf370b14720967ed9f0:9bd6f8e6c7c275381fa4a5c196f245c6:16b63d5e48850d340b8bc80d7e3f1d50$"
}
}
