{"frames": {

"top_tears_2_00.png":
{
	"frame": {"x":1,"y":505,"w":3,"h":3},
	"rotated": false,
	"trimmed": true,
	"spriteSourceSize": {"x":0,"y":0,"w":3,"h":3},
	"sourceSize": {"w":1008,"h":1008},
	"pivot": {"x":0.5,"y":0.5}
},
"top_tears_2_01.png":
{
	"frame": {"x":1,"y":505,"w":3,"h":3},
	"rotated": false,
	"trimmed": true,
	"spriteSourceSize": {"x":0,"y":0,"w":3,"h":3},
	"sourceSize": {"w":1008,"h":1008},
	"pivot": {"x":0.5,"y":0.5}
},
"top_tears_2_02.png":
{
	"frame": {"x":1,"y":505,"w":3,"h":3},
	"rotated": false,
	"trimmed": true,
	"spriteSourceSize": {"x":0,"y":0,"w":3,"h":3},
	"sourceSize": {"w":1008,"h":1008},
	"pivot": {"x":0.5,"y":0.5}
},
"top_tears_2_03.png":
{
	"frame": {"x":1,"y":505,"w":3,"h":3},
	"rotated": false,
	"trimmed": true,
	"spriteSourceSize": {"x":0,"y":0,"w":3,"h":3},
	"sourceSize": {"w":1008,"h":1008},
	"pivot": {"x":0.5,"y":0.5}
},
"top_tears_2_04.png":
{
	"frame": {"x":1,"y":505,"w":3,"h":3},
	"rotated": false,
	"trimmed": true,
	"spriteSourceSize": {"x":0,"y":0,"w":3,"h":3},
	"sourceSize": {"w":1008,"h":1008},
	"pivot": {"x":0.5,"y":0.5}
},
"top_tears_2_05.png":
{
	"frame": {"x":1,"y":505,"w":3,"h":3},
	"rotated": false,
	"trimmed": true,
	"spriteSourceSize": {"x":0,"y":0,"w":3,"h":3},
	"sourceSize": {"w":1008,"h":1008},
	"pivot": {"x":0.5,"y":0.5}
},
"top_tears_2_06.png":
{
	"frame": {"x":127,"y":493,"w":18,"h":16},
	"rotated": false,
	"trimmed": true,
	"spriteSourceSize": {"x":869,"y":393,"w":18,"h":16},
	"sourceSize": {"w":1008,"h":1008},
	"pivot": {"x":0.5,"y":0.5}
},
"top_tears_2_07.png":
{
	"frame": {"x":305,"y":1,"w":21,"h":32},
	"rotated": false,
	"trimmed": true,
	"spriteSourceSize": {"x":869,"y":395,"w":21,"h":32},
	"sourceSize": {"w":1008,"h":1008},
	"pivot": {"x":0.5,"y":0.5}
},
"top_tears_2_08.png":
{
	"frame": {"x":254,"y":32,"w":22,"h":38},
	"rotated": false,
	"trimmed": true,
	"spriteSourceSize": {"x":869,"y":398,"w":22,"h":38},
	"sourceSize": {"w":1008,"h":1008},
	"pivot": {"x":0.5,"y":0.5}
},
"top_tears_2_09.png":
{
	"frame": {"x":184,"y":449,"w":22,"h":42},
	"rotated": false,
	"trimmed": true,
	"spriteSourceSize": {"x":871,"y":400,"w":22,"h":42},
	"sourceSize": {"w":1008,"h":1008},
	"pivot": {"x":0.5,"y":0.5}
},
"top_tears_2_10.png":
{
	"frame": {"x":127,"y":449,"w":27,"h":42},
	"rotated": false,
	"trimmed": true,
	"spriteSourceSize": {"x":866,"y":406,"w":27,"h":42},
	"sourceSize": {"w":1008,"h":1008},
	"pivot": {"x":0.5,"y":0.5}
},
"top_tears_2_11.png":
{
	"frame": {"x":280,"y":1,"w":23,"h":30},
	"rotated": false,
	"trimmed": true,
	"spriteSourceSize": {"x":867,"y":468,"w":23,"h":30},
	"sourceSize": {"w":1008,"h":1008},
	"pivot": {"x":0.5,"y":0.5}
},
"top_tears_2_12.png":
{
	"frame": {"x":127,"y":1,"w":119,"h":446},
	"rotated": false,
	"trimmed": true,
	"spriteSourceSize": {"x":774,"y":114,"w":119,"h":446},
	"sourceSize": {"w":1008,"h":1008},
	"pivot": {"x":0.5,"y":0.5}
},
"top_tears_2_13.png":
{
	"frame": {"x":1,"y":1,"w":124,"h":502},
	"rotated": false,
	"trimmed": true,
	"spriteSourceSize": {"x":771,"y":116,"w":124,"h":502},
	"sourceSize": {"w":1008,"h":1008},
	"pivot": {"x":0.5,"y":0.5}
},
"top_tears_2_14.png":
{
	"frame": {"x":231,"y":449,"w":21,"h":39},
	"rotated": false,
	"trimmed": true,
	"spriteSourceSize": {"x":771,"y":118,"w":21,"h":39},
	"sourceSize": {"w":1008,"h":1008},
	"pivot": {"x":0.5,"y":0.5}
},
"top_tears_2_15.png":
{
	"frame": {"x":208,"y":449,"w":21,"h":42},
	"rotated": false,
	"trimmed": true,
	"spriteSourceSize": {"x":769,"y":120,"w":21,"h":42},
	"sourceSize": {"w":1008,"h":1008},
	"pivot": {"x":0.5,"y":0.5}
},
"top_tears_2_16.png":
{
	"frame": {"x":156,"y":449,"w":26,"h":42},
	"rotated": false,
	"trimmed": true,
	"spriteSourceSize": {"x":769,"y":127,"w":26,"h":42},
	"sourceSize": {"w":1008,"h":1008},
	"pivot": {"x":0.5,"y":0.5}
},
"top_tears_2_17.png":
{
	"frame": {"x":254,"y":1,"w":24,"h":29},
	"rotated": false,
	"trimmed": true,
	"spriteSourceSize": {"x":771,"y":189,"w":24,"h":29},
	"sourceSize": {"w":1008,"h":1008},
	"pivot": {"x":0.5,"y":0.5}
},
"top_tears_2_18.png":
{
	"frame": {"x":278,"y":33,"w":20,"h":33},
	"rotated": false,
	"trimmed": true,
	"spriteSourceSize": {"x":768,"y":248,"w":20,"h":33},
	"sourceSize": {"w":1008,"h":1008},
	"pivot": {"x":0.5,"y":0.5}
},
"top_tears_2_19.png":
{
	"frame": {"x":328,"y":1,"w":17,"h":29},
	"rotated": false,
	"trimmed": true,
	"spriteSourceSize": {"x":766,"y":309,"w":17,"h":29},
	"sourceSize": {"w":1008,"h":1008},
	"pivot": {"x":0.5,"y":0.5}
},
"top_tears_2_20.png":
{
	"frame": {"x":1,"y":505,"w":3,"h":3},
	"rotated": false,
	"trimmed": true,
	"spriteSourceSize": {"x":0,"y":0,"w":3,"h":3},
	"sourceSize": {"w":1008,"h":1008},
	"pivot": {"x":0.5,"y":0.5}
},
"top_tears_2_21.png":
{
	"frame": {"x":1,"y":505,"w":3,"h":3},
	"rotated": false,
	"trimmed": true,
	"spriteSourceSize": {"x":0,"y":0,"w":3,"h":3},
	"sourceSize": {"w":1008,"h":1008},
	"pivot": {"x":0.5,"y":0.5}
},
"top_tears_2_22.png":
{
	"frame": {"x":1,"y":505,"w":3,"h":3},
	"rotated": false,
	"trimmed": true,
	"spriteSourceSize": {"x":0,"y":0,"w":3,"h":3},
	"sourceSize": {"w":1008,"h":1008},
	"pivot": {"x":0.5,"y":0.5}
},
"top_tears_2_23.png":
{
	"frame": {"x":1,"y":505,"w":3,"h":3},
	"rotated": false,
	"trimmed": true,
	"spriteSourceSize": {"x":0,"y":0,"w":3,"h":3},
	"sourceSize": {"w":1008,"h":1008},
	"pivot": {"x":0.5,"y":0.5}
}},
"meta": {
	"app": "http://www.codeandweb.com/texturepacker",
	"version": "1.0",
	"image": "top_tears_2.png",
	"format": "RGBA8888",
	"size": {"w":512,"h":512},
	"scale": "0.7",
	"smartupdate": "$TexturePacker:SmartUpdate:6a56c3cb92cbb6c61199487d9793e25f:3cbfdcf1b1689668d3851a19d3bb6a81:46921d75c365849ef00af99977c2b565$"
}
}
